timestamp_utc,mean_risk,max_risk,mean_rainfall,max_rainfall,high_risk_cells,very_high_cells
2019-05-02 00:00:00+00:00,0.10809559748058063,0.6022800884962956,0.00023599794897376244,0.005705228030899936,66,0
2019-05-02 00:30:00+00:00,0.10814997573375164,0.6036382908980831,0.0003719435819012988,0.009151845018263577,66,0
2019-05-02 01:00:00+00:00,0.108132202457069,0.603403026152155,0.00032751039019468905,0.008563683153443543,66,0
2019-05-02 01:30:00+00:00,0.10820172371228688,0.6022454413455653,0.0005013135282394264,0.024550819917828866,66,0
2019-05-02 02:00:00+00:00,0.10830479072896523,0.6011112015777977,0.000758981069935272,0.05689075144431038,66,0
2019-05-02 02:30:00+00:00,0.10912990421327333,0.607589700622444,0.0028217647807054903,0.07402219287445312,66,0
2019-05-02 03:00:00+00:00,0.10955849863326347,0.6038100104428945,0.0038932508306808856,0.11334370995962469,66,0
2019-05-02 03:30:00+00:00,0.11102088629674038,0.605950810830982,0.007549219989373151,0.13877859816524182,66,0
2019-05-02 04:00:00+00:00,0.11414504165258292,0.6093313196320318,0.015359608378979508,0.3200764662223516,66,0
2019-05-02 04:30:00+00:00,0.12482957118938365,0.6218066016190812,0.042070932220981294,0.3556353172381836,66,0
2019-05-02 05:00:00+00:00,0.12882371470232634,0.6194716778605519,0.05205629100333801,0.4451140110382719,66,0
2019-05-02 05:30:00+00:00,0.1363689753178244,0.6317338489861665,0.07091944254208318,0.518988236909892,66,0
2019-05-02 06:00:00+00:00,0.1497073815627369,0.6694897066989448,0.10426545815436443,0.571928345702398,66,0
2019-05-02 06:30:00+00:00,0.17341058477261037,0.7124493401433022,0.16352333385155718,0.6236051794897121,66,0
2019-05-02 07:00:00+00:00,0.18566602490566514,0.750293446018943,0.19416193418419406,0.6664626402897599,66,1
2019-05-02 07:30:00+00:00,0.19138172332408573,0.7478511391100577,0.2084511802302456,0.6821018765617369,66,0
2019-05-02 08:00:00+00:00,0.18561952823144875,0.7195184432346112,0.19404569249865306,0.6796464131814466,66,0
2019-05-02 08:30:00+00:00,0.1857059565645159,0.7940297274742018,0.19426174619896988,0.6779212827949007,66,1
2019-05-02 09:00:00+00:00,0.18686502301153432,0.8211858161694674,0.19715941231651585,0.6483254756000311,66,3
2019-05-02 09:30:00+00:00,0.18789660599018584,0.7468557429935356,0.1997383697631447,0.4968973176380209,66,0
2019-05-02 10:00:00+00:00,0.1937799542570495,0.7910897577931233,0.21444688989014596,0.48988111542707896,66,6
2019-05-02 10:30:00+00:00,0.18834336532854745,0.7338848207707307,0.20085541756889075,0.4263881980647543,66,0
2019-05-02 11:00:00+00:00,0.18277420457561327,0.7200598723254882,0.18693236622671328,0.39567324269791965,66,0
2019-05-02 11:30:00+00:00,0.18171654740952906,0.7574578165952967,0.18428822331150277,0.41274749464597277,67,1
2019-05-02 12:00:00+00:00,0.1834714638914703,0.7823083008893714,0.18867551451635584,0.456615737470087,67,3
2019-05-02 12:30:00+00:00,0.18514290856266916,0.790276262250754,0.19285412619435308,0.4790785308164241,67,7
2019-05-02 13:00:00+00:00,0.19034737572102695,0.8182535661965644,0.20586529409024754,0.547126505203554,66,12
2019-05-02 13:30:00+00:00,0.196288146251502,0.8059954887004996,0.22071722041643513,0.5164813114633922,66,5
2019-05-02 14:00:00+00:00,0.20450536800314464,0.7789545988828983,0.2412602747955417,0.534642798531478,66,5
2019-05-02 14:30:00+00:00,0.2168962766820591,0.7872930683850137,0.27223767882031885,0.47070505046807326,66,11
2019-05-02 15:00:00+00:00,0.22869850655011653,0.8058752464545701,0.30174327062281353,0.5147057889136012,67,22
2019-05-02 15:30:00+00:00,0.24347926601450604,0.8380075261684418,0.33869503695629627,0.5950238222112656,67,37
2019-05-02 16:00:00+00:00,0.24636025655144456,0.8347780825148596,0.34589749616629156,0.5877656046178377,67,39
2019-05-02 16:30:00+00:00,0.24990314589984589,0.821626689214545,0.35475458400993887,0.5788042701754036,67,38
2019-05-02 17:00:00+00:00,0.25602226469129324,0.8186015848765549,0.37005236385620616,0.6734923930854003,67,44
2019-05-02 17:30:00+00:00,0.2572090188361023,0.8087852037190291,0.3730192492182289,0.7065827387333382,67,50
2019-05-02 18:00:00+00:00,0.2656508706442754,0.8389159318777912,0.39412401188168233,0.7268939468115805,67,53
2019-05-02 18:30:00+00:00,0.27653460233202803,0.8962853782214079,0.42133334110106385,0.7677766210313207,67,62
2019-05-02 19:00:00+00:00,0.2850134802201742,0.9126353339295683,0.44253068726717976,0.7898091216300089,67,61
2019-05-02 19:30:00+00:00,0.290897189993305,0.9118054309881312,0.4572398126385916,0.7796056070418612,67,61
2019-05-02 20:00:00+00:00,0.3078597542257088,0.8788370895066424,0.499646355547092,0.7387334184412854,67,63
2019-05-02 20:30:00+00:00,0.32409177306835835,0.896449549140081,0.5402261347988689,0.8000379073129495,67,65
2019-05-02 21:00:00+00:00,0.3442435948324955,0.9369216436057209,0.5906056892092119,0.8868332058705698,67,65
2019-05-02 21:30:00+00:00,0.3399223381655703,0.9502542793949726,0.5798026806849197,0.8963019740606945,67,65
2019-05-02 22:00:00+00:00,0.3515510586203959,0.9624596371700427,0.6088746165338097,0.9079084134226194,67,66
2019-05-02 22:30:00+00:00,0.35806582177563795,0.9675119801347523,0.6251613920944238,0.9234103575164949,67,65
2019-05-02 23:00:00+00:00,0.3443434426842934,0.9626571476885375,0.5908554443660626,0.9082056927712537,67,65
2019-05-02 23:30:00+00:00,0.332136893595985,0.9567023104843362,0.5603392039727826,0.8918960855446416,67,65
2019-05-03 00:00:00+00:00,0.3234648305521606,0.9522667947606358,0.5386590630971457,0.8806766130517207,67,65
2019-05-03 00:30:00+00:00,0.3255076221884302,0.9545060176378104,0.5437660421878199,0.8862713919891944,67,65
2019-05-03 01:00:00+00:00,0.32460908857129445,0.9552423333762536,0.5415197081449804,0.8881121813353025,67,66
2019-05-03 01:30:00+00:00,0.32541155503367825,0.9558033364610847,0.54352587430094,0.8895146890473802,68,66
2019-05-03 02:00:00+00:00,0.3246293495012087,0.9549812483189456,0.5415700926149191,0.8874684093887488,68,66
2019-05-03 02:30:00+00:00,0.3274701717300385,0.9556526075284353,0.5486722669804253,0.8891468074124729,68,66
2019-05-03 03:00:00+00:00,0.3381287153786818,0.9623615479612235,0.5753187584295244,0.9061452091097545,68,66
2019-05-03 03:30:00+00:00,0.3427104644769141,0.9663609525622704,0.5867731483074562,0.9159334652279263,68,66
2019-05-03 04:00:00+00:00,0.3478903628084093,0.9672313950256453,0.5997228941361943,0.9181095713863633,68,66
2019-05-03 04:30:00+00:00,0.3457077738775282,0.9669478592897871,0.5942661539541448,0.9174007320467181,68,66
2019-05-03 05:00:00+00:00,0.3493047771209513,0.9686093673537701,0.6032586449303514,0.9215320014532731,68,66
2019-05-03 05:30:00+00:00,0.37872739647557274,0.9862516084582089,0.676815193316905,0.9656489290968773,68,66
2019-05-03 06:00:00+00:00,0.388105891275081,0.9917466087410294,0.7002614303156757,0.9793864298039284,68,67
2019-05-03 06:30:00+00:00,0.3851294646085975,0.9926505246361884,0.6928203636494668,0.9816342986128709,68,67
2019-05-03 07:00:00+00:00,0.3904099256908267,0.9951275420226446,0.70602151635504,0.9878268420790113,68,66
2019-05-03 07:30:00+00:00,0.3956837150137938,0.9981444435526525,0.7192059896624575,0.9963101781923104,68,66
2019-05-03 08:00:00+00:00,0.3967613849682988,0.992703022222535,0.7219001645487201,1.0,68,66
2019-05-03 08:30:00+00:00,0.3978213658580164,0.99650582294156,0.7245501167730141,1.0,68,66
2019-05-03 09:00:00+00:00,0.39352738476127763,0.9977066525774909,0.7138151640311671,0.9956719003512743,68,66
2019-05-03 09:30:00+00:00,0.3791821820273636,0.9813650291089886,0.6779521571963821,0.9749683455518368,67,66
2019-05-03 10:00:00+00:00,0.3633226088522759,0.9613833564326526,0.6383032242586627,0.9502735293884713,67,66
2019-05-03 10:30:00+00:00,0.3479997537368583,0.9491581268395723,0.5999960864701189,0.9264780007855095,67,64
2019-05-03 11:00:00+00:00,0.32964802377810004,0.9244850938183962,0.5541167615732233,0.8984521136406161,67,57
2019-05-03 11:30:00+00:00,0.30407698751493933,0.914625851156394,0.49018917091532144,0.8599107269545344,67,46
2019-05-03 12:00:00+00:00,0.28237749477627755,0.8705029891677339,0.435940439068667,0.825386476878695,67,41
2019-05-03 12:30:00+00:00,0.2632853605992458,0.8574684973868755,0.3882101036260876,0.7975234278834682,67,29
2019-05-03 13:00:00+00:00,0.2439250120392978,0.7959401696309585,0.3398093653692384,0.6585402920783635,67,11
2019-05-03 13:30:00+00:00,0.22316078168662298,0.7604326279053504,0.28789880622147557,0.5924806897399171,66,1
2019-05-03 14:00:00+00:00,0.20816778316093673,0.7363629054211219,0.25041630990725994,0.575029762981155,66,0
2019-05-03 14:30:00+00:00,0.20274345976322858,0.7492211299541389,0.23685535153604453,0.5514603568998602,66,0
2019-05-03 15:00:00+00:00,0.19014703277946352,0.7437863579953321,0.20536443395357695,0.5364537748564406,66,0
2019-05-03 15:30:00+00:00,0.17558617841983612,0.7041370666505998,0.16896241603241027,0.4627567378387332,66,0
2019-05-03 16:00:00+00:00,0.16533403777997438,0.6994252189688666,0.14333206443275595,0.38308431203540394,66,0
2019-05-03 16:30:00+00:00,0.15438593352159807,0.6811836455437908,0.11596182091916629,0.3019932007181663,66,0
2019-05-03 17:00:00+00:00,0.14722409657552069,0.6709137310629537,0.09805722855397277,0.24927603278857527,66,0
2019-05-03 17:30:00+00:00,0.1450963457833066,0.6643877651854357,0.09273785157343757,0.38133279072150605,66,0
2019-05-03 18:00:00+00:00,0.13736663794226778,0.6511141779409135,0.0734135991031916,0.2570192419619165,66,0
2019-05-03 18:30:00+00:00,0.131355437287722,0.6543761573739377,0.05838559746682722,0.18469878912880247,66,0
2019-05-03 19:00:00+00:00,0.1266558967470259,0.6392188435176234,0.046636728982735846,0.10675693724994036,66,0
2019-05-03 19:30:00+00:00,0.12260673240990386,0.6284575268114525,0.03651381813993072,0.09337353991593975,66,0
2019-05-03 20:00:00+00:00,0.11938386021397708,0.6203982886090653,0.02845650532262284,0.07561529432834761,66,0
2019-05-03 20:30:00+00:00,0.11565888974946271,0.6147486667441298,0.019144228621178958,0.05173029151909165,66,0
2019-05-03 21:00:00+00:00,0.11393331557345203,0.6135329910080735,0.014830293181152277,0.10386709251947167,66,0
2019-05-03 21:30:00+00:00,0.11269903091434484,0.6084143038242537,0.01174458153338433,0.10135632286480313,66,0
2019-05-03 22:00:00+00:00,0.11204317217717298,0.6061983666943378,0.010104934690454644,0.13087431209049635,66,0
2019-05-03 22:30:00+00:00,0.11171587429681941,0.6048948254344778,0.009286689989570733,0.13445953081633027,66,0
2019-05-03 23:00:00+00:00,0.11109115795275516,0.604371976312564,0.007724899129410082,0.14111758702064892,66,0
2019-05-03 23:30:00+00:00,0.10993690728450378,0.6031044276832463,0.004839272458781659,0.07116096680883825,66,0
2019-05-04 00:00:00+00:00,0.10934874895422388,0.6019455962195907,0.0033688766330818706,0.0411339740812214,66,0
